antecedents,consequents,antecedent support,consequent support,support,confidence,lift,representativity,leverage,conviction,zhangs_metric,jaccard,certainty,kulczynski
"frozenset({'HighChol', 'HighBP', 'Obesity'})",frozenset({'Diabetes_binary'}),0.11850756859035005,0.15758830022075054,0.05089088615578682,0.42943152712636795,2.7250216324740983,1.0,0.032215479858339544,1.4764427756347915,0.7181348512767591,0.22597584456502715,0.32269640483014755,0.3761836075734899
"frozenset({'HighBP', 'Obesity'})",frozenset({'Diabetes_binary'}),0.1958215074109114,0.15758830022075054,0.0707269000315358,0.36118044931153875,2.2919242659867214,1.0,0.039867721531985166,1.3187005608569355,0.7009456403458213,0.25019871428372215,0.2416777320924421,0.4049942569743526
frozenset({'PoorGenHlth'}),frozenset({'Diabetes_binary'}),0.17207111321349733,0.15758830022075054,0.06206244087038789,0.3606790222446221,2.2887423859473133,1.0,0.03494604662198052,1.3176662882812205,0.6801053079144085,0.23192504861233867,0.241082504050087,0.37725273622674615
"frozenset({'HighChol', 'Obesity'})",frozenset({'Diabetes_binary'}),0.1696862188584043,0.15758830022075054,0.061009933774834435,0.3595456023788505,2.281550101595087,1.0,0.034269370974052235,1.315334398371271,0.6764930405216681,0.22913273917034316,0.2397370575586997,0.37334660612726456
frozenset({'DiffWalk'}),frozenset({'Diabetes_binary'}),0.16822374645222327,0.15758830022075054,0.05678807947019868,0.3375746924428823,2.142130424466828,1.0,0.0302779852100263,1.271708206448034,0.6410077400650214,0.2110892946106732,0.21365609270300548,0.3489659489179917
"frozenset({'HighChol', 'HighBP'})",frozenset({'Diabetes_binary'}),0.25488804793440556,0.15758830022075054,0.08369993692841375,0.328379214351995,2.083779150431851,1.0,0.04353256270784559,1.2542966474250183,0.6980195296047751,0.2545801160615798,0.2027404346069737,0.4297548071659918
frozenset({'HighBP'}),frozenset({'Diabetes_binary'}),0.4290011037527594,0.15758830022075054,0.11635525070955534,0.2712236628104641,1.7210900963493645,1.0,0.048749695976332136,1.1559262517056175,0.7337542953282902,0.24744108844906063,0.13489290642507845,0.5047866069011422
frozenset({'Obesity'}),frozenset({'Diabetes_binary'}),0.34630637023021127,0.15758830022075054,0.09044859665720593,0.26118086305221344,1.6573620166367038,1.0,0.035874764417009014,1.1402136973054393,0.6067544525637019,0.2187675791119629,0.12297141986348113,0.41756794359554666
frozenset({'HighChol'}),frozenset({'Diabetes_binary'}),0.4241209397666351,0.15758830022075054,0.10470277514979502,0.24687009136451935,1.566550886193343,1.0,0.03786627716394367,1.1185476637165153,0.6280050402648162,0.21949969836455746,0.10598356025582828,0.4556385627045475
